{
  "train_loss": [
    3.0027594566345215,
    2.9878286719322205,
    2.9460806250572205,
    2.883934259414673,
    2.825080633163452,
    2.7296834588050842,
    2.65045964717865,
    2.552189439535141,
    2.509990632534027,
    2.464777946472168,
    2.4251219630241394,
    2.3902232348918915,
    2.3663249909877777,
    2.3432719111442566,
    2.3287593722343445,
    2.326043516397476
  ],
  "train_cer": [
    0.9562348966949087,
    0.9574572930854705,
    0.9502939299648498,
    0.9328905191924757,
    0.8912391178252953,
    0.8441451186201107,
    0.9081394302310892,
    0.9769089080506479,
    0.9917492195436309,
    0.9880227804022851,
    0.9574248846547616,
    0.8795341802366424,
    0.857215101942972,
    0.8723522825875117,
    0.8889287145908051,
    0.8953223140631025
  ],
  "train_wer": [
    1.0,
    1.0,
    1.0,
    1.0,
    1.0,
    1.016304347826087,
    0.995,
    1.0,
    1.0,
    1.0,
    1.0,
    1.0,
    1.0,
    1.0,
    1.0,
    1.0
  ],
  "val_loss": [
    0.0,
    0.0,
    0.0,
    0.0,
    0.0,
    0.0,
    0.0,
    0.0,
    0.0,
    0.0,
    0.0,
    0.0,
    0.0,
    0.0,
    0.0,
    0.0
  ],
  "val_cer": [
    0.49056603773584906,
    0.49292452830188677,
    0.4882075471698113,
    0.4834905660377358,
    0.4716981132075472,
    0.4693396226415094,
    0.49764150943396224,
    0.49764150943396224,
    0.49764150943396224,
    0.49764150943396224,
    0.49056603773584906,
    0.4716981132075472,
    0.4740566037735849,
    0.4882075471698113,
    0.49056603773584906,
    0.49292452830188677
  ],
  "val_wer": [
    0.5,
    0.5,
    0.5,
    0.5,
    0.5,
    0.5,
    0.5,
    0.5,
    0.5,
    0.5,
    0.5,
    0.5,
    0.5,
    0.5,
    0.5,
    0.5
  ],
  "learning_rates": [
    8.000000000000001e-07,
    1.6000000000000001e-06,
    2.4000000000000003e-06,
    3.2000000000000003e-06,
    4.000000000000001e-06,
    4.800000000000001e-06,
    5.600000000000001e-06,
    6.4000000000000006e-06,
    7.2e-06,
    8.000000000000001e-06,
    8.8e-06,
    9.600000000000001e-06,
    1.04e-05,
    1.1200000000000001e-05,
    1.2e-05,
    1.2800000000000001e-05
  ]
}